{
  "version": "0.1.0",
  "name": "spotify_clone",
  "instructions": [
    {
      "name": "acceptPayment",
      "accounts": [
        { "name": "payerWallet", "isMut": true, "isSigner": false },
        { "name": "receiver", "isMut": true, "isSigner": false },
        { "name": "authority", "isMut": true, "isSigner": true },
        { "name": "systemProgram", "isMut": false, "isSigner": false },
        { "name": "tokenProgram", "isMut": false, "isSigner": false },
        { "name": "clock", "isMut": false, "isSigner": false }
      ],
      "args": []
    },
    {
      "name": "createMusic",
      "accounts": [
        { "name": "music", "isMut": true, "isSigner": false },
        { "name": "randomkey", "isMut": true, "isSigner": false },
        { "name": "authority", "isMut": true, "isSigner": true },
        { "name": "systemProgram", "isMut": false, "isSigner": false },
        { "name": "tokenProgram", "isMut": false, "isSigner": false },
        { "name": "clock", "isMut": false, "isSigner": false }
      ],
      "args": [
        { "name": "title", "type": "string" },
        { "name": "musicUrl", "type": "string" }
      ]
    }
  ],
  "accounts": [
    {
      "name": "PayerAccount",
      "type": {
        "kind": "struct",
        "fields": [{ "name": "wallet", "type": "publicKey" }]
      }
    },
    {
      "name": "MusicAccount",
      "type": {
        "kind": "struct",
        "fields": [
          { "name": "authority", "type": "publicKey" },
          { "name": "title", "type": "string" },
          { "name": "musicUrl", "type": "string" }
        ]
      }
    }
  ]
}
